epoch,train_loss,val_loss,train_acc,val_acc
1,1.9964815378189087,0.026679043630951818,24.306838989257812,57.28155517578125
