epoch,train_loss,val_loss,train_acc,val_acc
1,1.8231917650554184,4.017213139429833,6.007393836975098,4.854369163513184
